No;Kab/Kota;Kode Pusat;Kode RS;Nama RS;Jenis;Kelas;Dokter Umum;Dokter Gigi;Dokter Spesialis Penyakit Dalam;Dokter Spesialis Obgyn;Dokter Spesialis Anak;Dokter Spesialis Bedah;Dokter Spesialis Radiologi;Dokter Spesialis Anestesi;Dokter Spesialis Patologi Klinik;Dokter Spesialis Patologi Anatomi;Dokter Spesialis Rehabilitasi Medik;Dokter Spesialis Lain;Dokter Gigi Spesialis;Perawat;Bidan;Farmasi;Gizi;Kesehatan Masyarakat;Kesehatan Lingkungan;Keterapian Fisik;Keteknisian Medik;Teknik Biomedika;Jumlah per Unit
1;KOTA DEPOK;3201013;R3201013;RS Umum Harapan Depok;RS Umum;Kelas D;8;1;1;1;1;1;1;1;0;0;0;2;1;10;7;4;1;0;1;1;1;6;49
2;BOGOR;3201024;R3201024;RS Paru Dr. M. Goenawan Partowidigdo;RSTP;Kelas A;16;4;1;2;1;1;1;1;1;0;0;6;0;174;4;19;8;7;3;3;14;23;289
3;KOTA DEPOK;3201035;R3201035;RS Umum Bhakti Yudha;RS Umum;Kelas C;18;7;4;5;4;2;3;2;0;1;0;21;1;141;7;24;0;0;1;3;30;17;291
4;BOGOR;3201046;R3201046;RS Umum Daerah Cibinong;RS Umum;Kelas B;38;2;4;6;3;3;2;4;2;1;1;22;2;376;91;36;9;43;1;8;31;41;726
5;BOGOR;3201050;R3201050;RS Umum Daerah Ciawi;RS Umum;Kelas B;49;4;4;6;3;4;2;2;2;1;1;20;3;271;63;6;3;6;3;6;24;24;507
6;KOTA DEPOK;3201061;R3201061;RS Umum Tugu Ibu;RS Umum;Kelas C;18;6;4;4;3;3;4;4;1;0;1;15;0;0;18;14;0;0;0;0;4;0;99
7;KOTA DEPOK;3201072;R3201072;RS Umum Puri Cinere;RS Umum;Kelas B;13;1;2;2;2;0;0;2;0;0;1;10;2;239;12;11;0;0;0;0;6;22;325
8;BOGOR;3201083;R3201083;RS Umum Daerah Leuwiliang;RS Umum;Kelas C;25;3;3;4;3;3;2;3;3;0;1;11;3;158;69;16;6;6;2;2;9;20;352
9;BOGOR;3201094;R3201094;RS Umum Annisa;RS Umum;Kelas C;11;3;2;4;2;1;1;4;0;0;0;2;0;28;84;16;0;1;0;0;5;14;178
10;BOGOR;3201115;R3201115;RS Umum Bina Husada;RS Umum;Kelas C;12;3;4;5;4;7;3;2;0;0;0;25;1;120;21;16;4;2;2;10;14;14;269
11;KOTA DEPOK;3201126;R3201126;RS Umum Hermina Depok;RS Umum;Kelas B;12;5;9;25;29;9;2;6;1;1;2;37;4;15;8;42;2;35;1;12;10;7;274
12;BOGOR;3201130;R3201130;RS Ibu dan Anak Citra Insani;RSIA;Kelas C;6;5;1;5;3;0;1;1;0;0;0;1;0;23;12;9;5;0;0;1;0;4;77
13;KOTA DEPOK;3201141;R3201141;RS Ibu dan Anak Tumbuh Kembang;RSIA;Kelas C;5;6;2;6;7;1;1;2;0;0;0;10;1;30;23;11;0;3;0;3;13;11;135
14;BOGOR;3201150;R3201150;RS Umum Family Medical Center;RS Umum;Kelas C;14;5;6;5;5;2;3;4;1;0;0;23;5;46;12;8;0;3;1;3;9;17;172
15;BOGOR;3201152;R3201152;RS Umum Mary Cileungsi Hijau;RS Umum;Kelas C;0;0;0;0;0;0;0;0;0;0;0;0;0;0;0;0;0;0;0;0;0;0;0
16;KOTA DEPOK;3201185;R3201185;RS Umum Meilia;RS Umum;Kelas B;16;4;5;6;5;3;3;4;1;1;0;37;6;148;19;25;3;0;1;8;18;25;338
17;KOTA DEPOK;3201196;R3201196;RS Umum Bunda Margonda;RS Umum;Kelas C;10;7;4;12;6;2;2;3;0;0;1;16;6;90;5;33;3;15;1;6;7;8;237
18;BOGOR;3201207;R3201207;RS Umum MH. Thamrin;RS Umum;Kelas B;0;4;4;2;3;2;1;4;0;0;1;14;1;0;0;0;0;0;1;6;5;0;48
19;KOTA BOGOR;3201218;R3201218;RS Umum Islam Bogor;RS Umum;Kelas C;11;4;3;3;2;4;1;2;1;0;0;10;2;63;0;2;1;0;1;1;5;4;120
20;BOGOR;3201229;R3201229;RS Umum Citama;RS Umum;Kelas C;5;3;1;1;1;2;1;1;0;0;0;0;0;0;0;6;0;0;0;0;3;0;24
21;BOGOR;3201230;R3201230;RS Umum Sentra Medika Cibinong;RS Umum;Kelas B;29;0;6;5;6;5;4;5;2;0;0;30;6;188;13;40;5;0;0;6;2;23;375
22;BOGOR;3201231;R3201231;RS Ibu dan Anak Sentosa;RS Umum;Kelas C;12;4;2;6;3;1;1;1;1;0;0;4;1;3;0;1;0;0;0;2;3;9;54
23;BOGOR;3201232;R3201232;RS Umum Daerah Cileungsi;RS Umum;Kelas C;20;3;3;3;3;3;2;2;1;0;0;11;1;95;32;16;2;1;0;3;9;23;233
24;BOGOR;3201233;R3201233;RS Umum Rumah Sehat Terpadu Dompet Dhuafa;RS Umum;Kelas C;7;2;2;2;2;1;1;1;0;0;0;4;0;4;0;2;0;0;0;0;6;0;34
25;BOGOR;3201235;R3201235;RS Umum dr. Sismadi;RS Umum;Kelas C;7;0;1;1;2;1;1;1;0;0;0;2;0;0;0;10;0;0;0;0;0;0;26
26;KOTA BOGOR;3201236;R3201236;RS Umum Medika Dramaga;RS Umum;Kelas C;14;7;4;6;4;2;1;2;1;0;1;13;1;4;21;12;0;0;0;2;4;13;112
27;BOGOR;3201238;R3201238;RS Umum Hermina Mekarsari;RS Umum;Kelas C;10;9;5;13;12;4;2;7;1;0;1;11;0;0;0;9;1;0;1;2;3;2;93
28;BOGOR;3201239;R3201239;RS Ibu dan Anak Assalam;RSIA;Kelas C;4;2;1;2;2;1;0;1;0;0;0;0;0;8;16;2;1;0;0;1;2;4;47
29;KOTA BOGOR;3201240;R3201240;RS Umum Juliana;RS Umum;Kelas C;11;3;1;7;2;2;1;2;0;0;0;1;0;12;28;5;1;0;1;1;1;6;85
30;KOTA BOGOR;3201241;R3201241;RS Umum Ummi;RS Umum;Kelas C;9;6;1;8;7;1;1;2;0;0;0;5;0;0;0;11;0;0;0;0;4;9;64
31;BOGOR;3201242;R3201242;RS Ibu dan Anak Kenari Graha Medika;RSIA;Kelas C;7;6;2;4;2;1;0;1;1;1;0;5;2;46;19;20;1;0;0;0;0;9;127
32;KOTA BOGOR;3201243;R3201243;RS Ibu dan Anak Sawojajar;RSIA;Kelas C;2;0;1;2;1;1;0;1;0;0;0;0;0;7;8;1;1;0;1;0;1;0;27
33;BOGOR;3201244;R3201244;RS Umum Permata Jonggol;RS Umum;Kelas C;8;1;2;2;2;2;1;2;1;0;0;6;1;55;16;20;6;3;1;3;6;12;150
34;BOGOR;3201245;R3201245;RS Umum Karya Bhakti Pratiwi;RS Umum;Kelas C;17;5;4;6;5;4;2;3;1;0;2;17;1;94;21;14;0;0;0;0;0;4;200
35;BOGOR;3201246;R3201246;RS Ibu dan Anak Bunda Suryatni;RSIA;Kelas C;3;0;1;5;4;0;0;2;0;0;0;0;0;4;19;5;1;0;0;0;3;3;50
36;BOGOR;3201247;R3201247;RS Umum Pertamedika Sentul City;RS Umum;Kelas B;0;0;3;5;5;3;4;1;1;0;0;0;0;0;0;0;0;0;0;0;0;0;22
37;BOGOR;3201249;R3201249;RS Umum Asysyifaa;RS Umum;Kelas D;0;0;0;0;0;0;0;0;0;0;0;0;0;0;0;0;0;0;0;0;0;0;0
38;BOGOR;3201250;R3201250;RS Ibu dan Anak Permata Pertiwi;RSIA;Kelas C;0;0;0;1;1;0;0;0;0;0;0;0;0;0;0;0;0;0;0;0;0;0;2
39;BOGOR;3201251;R3201251;RS Umum Siloam Hospitals Bogor;RS Umum;Kelas C;0;0;3;5;6;3;2;2;2;0;0;0;0;0;0;0;0;0;0;0;0;0;23
40;BOGOR;3201252;R3201252;RS Harapan Sehati;RS Umum;Kelas C;0;0;0;0;0;0;0;0;0;0;0;0;0;0;0;0;0;0;0;0;0;0;0
41;BOGOR;3201253;R3201253;RS Ibu dan Anak Melania;RSIA;Kelas D;0;0;0;0;0;0;0;0;0;0;0;0;0;0;0;0;0;0;0;0;0;0;0
42;BOGOR;3201254;R3201254;Bogor Senior Hospital;RS Umum;Kelas D;0;0;0;0;0;0;0;0;0;0;0;0;0;0;0;0;0;0;0;0;0;0;0
43;KOTA DEPOK;3201256;R3201256;RS Universitas Indonesia;RS Umum;Kelas B;0;0;0;0;0;0;0;0;0;0;0;0;0;0;0;0;0;0;0;0;0;0;0
44;SUKABUMI;3202014;R3202014;RS Umum Daerah Sekarwangi;RS Umum;Kelas B;26;2;5;3;5;3;2;2;1;1;0;16;4;320;26;30;19;5;3;5;21;25;524
45;SUKABUMI;3202040;R3202040;RS Umum Daerah Palabuhanratu;RS Umum;Kelas C;11;2;4;1;2;2;2;2;1;0;0;4;0;195;55;31;29;0;1;2;18;12;374
46;SUKABUMI;3202051;R3202051;RS Umum Daerah Jampang Kulon;RS Umum;Kelas C;14;1;2;3;1;3;1;1;0;0;0;2;0;158;47;12;4;1;2;1;6;19;278
47;SUKABUMI;3202062;R3202062;RS Umum Hermina;RS Umum;Kelas C;12;5;2;3;5;3;1;4;0;0;0;9;0;146;28;15;1;9;0;10;6;18;277
48;SUKABUMI;3202073;R3202073;RS Umum Betha Medika;RS Umum;Kelas D;15;2;2;3;2;2;1;2;1;0;0;6;0;117;22;30;6;2;0;5;3;15;236
49;SUKABUMI;3202084;R3202084;RS Umum Bhakti Medicare;RS Umum;Kelas C;13;3;2;2;3;3;1;3;1;1;1;6;0;95;10;15;11;1;1;2;3;12;189
50;SUKABUMI;3202086;R3202086;RS Umum Kartika Cibadak;RS Umum;Kelas C;7;2;3;2;3;1;1;1;1;0;0;3;0;73;14;12;8;0;8;0;4;15;158
51;CIANJUR;3203015;R3203015;RS Umum Daerah Sayang;RS Umum;Kelas B;25;2;2;3;0;4;1;2;1;5;1;8;2;294;62;0;9;0;0;0;0;25;446
52;CIANJUR;3203037;R3203037;RS Umum Daerah Cimacan;RS Umum;Kelas C;15;2;4;2;2;1;2;2;1;0;0;1;1;78;51;5;1;1;0;1;3;15;188
53;CIANJUR;3203038;R3203038;RS Umum Dr. Hafiz;RS Umum;Kelas C;9;2;3;2;1;2;1;3;1;0;0;4;1;47;7;10;8;0;0;0;4;5;110
54;CIANJUR;3203039;R3203039;RS Umum Daerah Pagelaran;RS Umum;Kelas D;9;0;0;1;1;0;1;1;1;0;0;0;0;92;81;3;0;61;0;0;2;0;253
55;BANDUNG;3204016;R3204016;RS Umum Daerah Majalaya;RS Umum;Kelas B;25;2;3;3;3;3;1;2;1;0;0;13;1;232;37;46;6;2;1;3;22;25;431
56;KOTA BANDUNG;3204041;R3204041;RS Umum Kebonjati;RS Umum;Kelas C;11;3;3;3;2;4;1;3;0;1;0;15;1;138;3;8;1;0;1;2;9;13;222
57;KOTA CIMAHI;3204075;R3204075;RS Umum Mitra Kasih;RS Umum;Kelas C;0;0;0;0;0;0;0;0;0;0;0;0;0;174;1;0;0;0;0;0;0;0;175
58;BANDUNG;3204086;R3204086;RS Umum Daerah Al Ihsan Provinsi Jawa Barat;RS Umum;Kelas B;18;2;5;6;4;4;1;3;2;0;0;13;2;426;29;58;53;1;2;16;46;36;727
59;BANDUNG;3204090;R3204090;RS Umum Daerah Soreang;RS Umum;Kelas C;19;2;3;2;2;3;1;1;1;0;1;8;2;209;41;20;6;0;2;2;20;24;369
60;BANDUNG;3204101;R3204101;RS Umum Daerah Cicalengka;RS Umum;Kelas C;11;0;1;2;3;1;1;1;1;0;1;1;1;108;13;13;5;0;1;1;18;19;202
61;KOTA BANDUNG;3204123;R3204123;RS Ibu dan Anak Humana Prima;RSIA;Kelas C;7;0;2;3;4;1;1;2;1;0;0;2;0;0;0;6;0;0;0;0;0;0;29
62;BANDUNG;3204124;R3204124;RS Gigi dan Mulut Maranatha;RSK GM;Kelas B;0;0;0;0;0;0;0;0;0;0;0;0;0;0;0;0;0;0;0;0;0;0;0
63;BANDUNG;3204129;R3204129;RS Ibu dan Anak Grha Bunda;RSIA;Kelas C;0;0;2;18;5;1;1;2;1;0;0;0;0;0;0;0;0;0;0;0;0;0;30
64;BANDUNG;3204130;R3204130;RS Mata Bandung Eye Center;RSK Mata;Kelas C;0;0;0;0;1;0;0;3;0;0;0;0;0;0;0;0;0;0;0;0;0;0;4
65;BANDUNG;3204133;R3204133;RS Unggul Karsa Medika;RS Umum;Kelas C;0;0;0;0;0;0;0;0;0;0;0;0;0;0;0;0;0;0;0;0;0;0;0
66;BANDUNG;3204154;R3204154;RS Umum TNI AU Lanud Sulaiman;RS Umum;Kelas D;3;0;1;0;1;0;0;0;0;0;0;1;1;23;8;0;1;0;0;0;11;1;51
67;GARUT;3205010;R3205010;RS Umum Daerah dr. Slamet Garut;RS Umum;Kelas B;19;2;4;3;3;3;1;1;3;0;0;14;0;593;55;41;6;0;4;3;21;33;809
68;GARUT;3205021;R3205021;RS Umum Tk IV Guntur;RS Umum;Kelas C;10;1;3;3;2;2;1;2;0;0;0;10;2;162;2;17;3;0;1;6;6;11;244
69;GARUT;3205022;R3205022;RS Umum Daerah Pameungpeuk Prov. Jabar;RS Umum;Kelas D;7;1;0;1;1;1;0;1;1;0;0;0;0;89;73;5;3;1;0;1;5;14;204
70;GARUT;3205023;R3205023;RS Umum Nurhayati Garut;RS Umum;Kelas D;7;1;1;1;1;1;1;1;1;0;0;4;0;11;4;9;6;2;2;0;8;10;71
71;GARUT;3205024;R3205024;RS Umum Annisa Queen;RS Umum;;4;0;1;1;1;2;1;1;0;0;0;3;1;10;5;0;0;0;0;0;2;2;34
72;GARUT;3205026;R3205026;RS Umum Intan Husada;RS Umum;Kelas C;17;1;2;3;2;2;1;2;1;0;0;7;1;103;9;21;10;0;1;0;3;14;200
73;KOTA TASIKMALAYA;3206011;R3206011;RS Umum Daerah dr. Soekardjo;RS Umum;Kelas B;0;0;0;0;0;0;0;0;0;0;0;0;0;0;0;0;0;0;0;0;0;0;0
74;TASIKMALAYA;3206023;R3206023;RS Umum Daerah Singaparna Medika Citrautama;RS Umum;Kelas C;14;2;1;2;1;2;2;1;1;0;0;2;0;169;59;27;3;3;3;0;12;15;319
75;KOTA TASIKMALAYA;3206055;R3206055;RS Umum Islam Hj. Siti Munaroh;RS Umum;Kelas D;0;0;0;0;0;0;0;0;0;0;0;0;0;0;0;0;0;0;0;0;0;0;0
76;KOTA TASIKMALAYA;3206070;R3206070;RS Umum Jasa Kartini;RS Umum;Kelas C;10;4;6;4;4;5;3;2;1;0;1;16;3;70;15;4;6;0;2;0;35;43;234
77;KOTA TASIKMALAYA;3206083;R3206083;RS Ibu dan Anak dr. Hj. Karmini EH;RSIA;Kelas C;2;3;0;1;1;1;0;2;0;0;0;0;0;6;7;1;0;1;2;0;2;0;29
78;TASIKMALAYA;3206084;R3206084;RS Ibu dan Anak Respati;RSIA;Kelas C;0;0;0;2;1;1;0;1;0;0;0;0;0;0;0;0;0;0;0;0;0;0;5
79;CIAMIS;3207012;R3207012;RS Umum Daerah Kab. Ciamis;RS Umum;Kelas C;17;4;3;4;2;2;2;2;2;0;1;8;1;373;63;30;10;1;3;4;11;27;570
80;KOTA BANJAR;3207023;R3207023;RS Umum Daerah Banjar;RS Umum;Kelas B;14;2;2;3;3;1;1;2;0;1;0;12;0;241;49;43;18;3;4;5;11;29;444
81;CIAMIS;3207045;R3207045;RS Umum Permata Bunda;RS Umum;Kelas D;9;2;1;1;1;1;1;2;1;0;0;7;0;42;15;4;3;2;0;0;3;8;103
82;CIAMIS;3207056;R3207056;RS Umum Al - Arif;RS Umum;Kelas D;7;0;1;1;0;1;0;0;0;0;0;1;0;30;8;5;0;0;0;0;1;7;62
83;CIAMIS;3207057;R3207057;RSU Dadi Keluarga Ciamis;RS Umum;Kelas D;0;0;1;1;1;1;1;1;0;0;0;0;0;0;0;0;0;0;0;0;0;0;6
84;KUNINGAN;3208013;R3208013;RS Umum Daerah 45 Kuningan;RS Umum;Kelas B;19;2;2;3;3;2;1;2;1;0;0;12;0;205;59;37;6;0;6;8;14;34;416
85;KUNINGAN;3208024;R3208024;RS Umum Wijaya Kusumah;RS Umum;Kelas C;10;1;1;3;2;1;2;2;0;0;0;5;0;86;31;14;3;0;1;1;3;9;175
86;KUNINGAN;3208035;R3208035;RS Umum Sekar Kamulyan;RS Umum;Kelas C;5;1;1;1;1;1;0;0;0;0;1;0;0;123;17;15;16;5;1;2;8;12;210
87;KUNINGAN;3208046;R3208046;RS Umum Juanda;RS Umum;Kelas C;14;2;2;2;2;1;0;2;0;0;1;1;0;89;16;12;2;0;1;2;1;7;157
88;KUNINGAN;3208057;R3208057;RS Umum El - Syifa;RS Umum;Kelas D;8;0;1;0;0;0;0;0;0;0;0;0;0;26;6;6;2;2;8;0;4;7;70
89;KUNINGAN;3208058;R3208058;RS Umum Kuningan Medical Center;RS Umum;Kelas C;11;2;1;3;2;3;1;1;0;0;0;5;0;74;50;10;1;0;0;0;1;13;178
90;KUNINGAN;3208059;R3208059;RS Umum Daerah Linggajati Kuningan;RS Umum;Kelas C;13;2;2;2;2;1;1;2;1;0;0;4;1;106;47;24;4;8;3;0;7;16;246
91;KUNINGAN;3208060;R3208060;RS Umum KMC Luragung;RS Umum;Kelas D;13;2;2;1;1;1;1;1;0;0;0;0;0;50;22;5;2;0;1;1;1;7;111
92;KUNINGAN;3208061;R3208061;RS Jantung Hasna Medika Kuningan;RS Jantung;Kelas C;0;0;0;0;0;0;0;0;0;0;0;0;0;0;0;0;0;0;0;0;0;0;0
93;CIREBON;3209014;R3209014;RS Umum Daerah Waled;RS Umum;Kelas B;34;3;5;3;2;2;3;2;1;0;1;14;0;250;50;27;7;10;5;2;13;35;469
94;CIREBON;3209025;R3209025;RS Umum Pertamina Klayan;RS Umum;Kelas C;9;3;2;1;1;2;2;1;0;0;0;12;0;0;0;13;0;0;0;0;0;0;46
95;CIREBON;3209036;R3209036;RS Paru Provinsi Jawa Barat;RSTP;Kelas B;0;0;0;0;0;0;2;1;1;0;0;0;0;0;0;0;0;0;0;0;0;0;4
96;CIREBON;3209040;R3209040;RS Umum Daerah Arjawinangun;RS Umum;Kelas B;0;0;0;0;0;0;0;0;0;0;0;0;0;0;0;0;0;0;0;0;0;0;0
97;CIREBON;3209051;R3209051;RS Umum Mitra Plumbon;RS Umum;Kelas B;25;3;4;4;4;2;3;3;2;1;1;12;0;0;0;48;0;0;0;0;0;0;112
98;CIREBON;3209052;R3209052;RS Umum Universitas Muhammadiyah Cirebon;RS Umum;Kelas C;10;2;1;3;1;2;1;1;0;0;0;2;0;0;0;6;0;0;0;0;0;0;29
99;CIREBON;3209053;R3209053;RS Ibu dan Anak Khalishah;RSIA;Kelas C;6;1;0;2;3;2;0;2;0;0;0;0;0;54;43;4;2;0;1;0;5;10;135
100;CIREBON;3209054;R3209054;RS Umum Permata Cirebon;RS Umum;Kelas B;0;0;7;4;5;5;2;2;1;0;0;0;0;0;0;0;0;0;0;0;4;0;30
101;CIREBON;3209133;R3209133;RS Umum Sumber Waras;RS Umum;Kelas B;17;4;3;3;2;2;3;2;1;0;1;12;0;0;0;19;0;0;0;0;0;0;69
102;MAJALENGKA;3210014;R3210014;RS Umum Daerah Majalengka;RS Umum;Kelas C;23;2;2;2;2;2;1;1;1;0;0;5;0;251;43;26;9;4;5;2;14;24;419
103;MAJALENGKA;3210025;R3210025;RS Umum Daerah Cideres;RS Umum;Kelas C;21;3;3;3;3;2;1;2;1;0;1;5;0;218;36;26;9;0;4;4;9;22;373
104;MAJALENGKA;3210036;R3210036;RS Bedah Budi Kasih;RSK Bedah;Kelas C;5;0;1;2;0;4;0;1;0;0;0;1;0;10;1;3;0;1;0;0;3;0;32
105;MAJALENGKA;3210037;R3210037;RS Ibu dan Anak Mitra Plumbon Majalengka;RSIA;Kelas C;4;0;0;0;0;0;0;0;0;0;0;0;0;7;8;5;0;0;0;0;1;2;27
106;SUMEDANG;3211015;R3211015;RS Umum Daerah Sumedang;RS Umum;Kelas B;36;1;2;4;4;3;1;1;1;1;0;11;1;376;45;47;14;8;6;2;28;34;626
107;SUMEDANG;3211026;R3211026;RS Umum Pakuwon;RS Umum;Kelas C;7;1;2;2;3;2;1;1;0;0;0;2;0;80;4;4;0;0;1;0;3;11;124
108;SUMEDANG;3211027;R3211027;RS Umum Harapan Keluarga;RS Umum;Kelas D;0;0;2;4;3;1;1;2;1;0;0;0;0;0;0;0;0;0;0;0;0;0;14
109;INDRAMAYU;3212016;R3212016;RS Umum Daerah Kab. Indramayu;RS Umum;Kelas B;18;1;1;4;3;2;1;1;1;0;0;11;2;300;46;23;10;25;0;3;6;25;483
110;INDRAMAYU;3212031;R3212031;RS Umum Daerah M.A. Sentot Patrol;RS Umum;Kelas C;8;0;2;3;1;3;1;1;1;0;0;0;0;128;37;0;0;1;0;1;4;5;196
111;INDRAMAYU;3212042;R3212042;RS Umum Bhayangkara Indramayu;RS Umum;Kelas C;4;0;0;0;1;0;0;0;0;0;0;0;0;87;12;8;1;51;0;1;0;9;174
112;INDRAMAYU;3212053;R3212053;RS Umum Permata Medical Center;RS Umum;Kelas D;8;0;1;1;2;1;0;0;0;0;0;1;0;31;9;6;1;0;1;1;2;5;70
113;INDRAMAYU;3212054;R3212054;RS Umum MM Indramayu;RS Umum;Kelas D;0;0;0;0;0;0;0;0;0;0;0;0;0;0;0;0;0;0;0;0;0;0;0
114;INDRAMAYU;3212055;R3212055;RS Umum Pertamina Balongan Indramayu;RS Umum;Kelas D;0;0;0;0;0;0;0;0;0;0;0;0;0;0;0;0;0;0;0;0;0;0;0
115;INDRAMAYU;3212056;R3212056;RS Umum Daerah Mursid Ibnu Syafiuddin;RS Umum;;0;0;0;0;0;0;0;0;0;0;0;0;0;0;0;0;0;0;0;0;0;0;0
116;SUBANG;3213010;R3213010;RS Umum Daerah Subang;RS Umum;Kelas B;30;3;3;3;3;2;1;2;1;1;1;19;2;342;95;35;10;2;4;4;21;30;614
117;SUBANG;3213021;R3213021;RS Umum PTPN VIII;RS Umum;Kelas D;4;2;2;2;2;2;2;1;0;1;0;5;1;0;0;9;0;0;0;2;6;10;51
118;SUBANG;3213032;R3213032;RS Umum TNI AU Lanud Suryadarma;RS Umum;Kelas D;3;1;0;0;0;0;0;0;0;0;0;2;0;21;3;1;0;0;0;0;1;0;32
119;SUBANG;3213043;R3213043;RS Umum Mekar Arum;RS Umum;Kelas D;11;3;1;2;2;2;1;1;0;0;0;5;1;12;0;7;1;0;0;0;1;4;54
120;SUBANG;3213044;R3213044;RS Umum Mutiara Hati;RS Umum;Kelas D;4;1;1;1;1;1;0;1;0;0;0;0;0;23;11;1;1;0;0;0;1;1;48
121;SUBANG;3213045;R3213045;RS Umum Pamanukan Medical Center (PMC);RS Umum;Kelas D;9;1;1;2;2;1;0;1;0;0;0;6;0;13;9;6;0;0;0;0;1;5;57
122;SUBANG;3213046;R3213046;RS Umum Indosehat 2003;RS Umum;Kelas D;4;1;1;2;1;1;1;1;1;0;0;1;0;20;8;7;0;0;0;0;0;0;49
123;SUBANG;3213047;R3213047;RS Umum Haji Syaiful Anwar;RS Umum;Kelas D;0;0;0;0;0;0;0;0;0;0;0;0;0;0;0;0;0;0;0;0;0;0;0
124;SUBANG;3213048;R3213048;RS Umum Kharisma;RS Umum;Kelas D;0;0;0;0;0;0;0;0;0;0;0;0;0;0;0;0;0;0;0;0;0;0;0
125;SUBANG;3213049;R3213049;Rumah Sakit Bersalin Grha Mutiara;RSIA;Kelas C;0;0;0;0;0;0;0;0;0;0;0;0;0;0;0;0;0;0;0;0;0;0;0
126;PURWAKARTA;3214011;R3214011;RS Umum Daerah Bayu Asih;RS Umum;Kelas B;19;2;4;2;3;2;2;2;1;0;0;14;2;269;43;19;6;0;1;5;16;31;443
127;PURWAKARTA;3214031;R3214031;RS Umum Siloam Purwakarta;RS Umum;Kelas B;10;2;4;2;4;3;4;2;2;0;1;15;1;102;10;11;2;0;0;4;7;18;204
128;PURWAKARTA;3214032;R3214032;RS Umum MH. Thamrin Purwakarta;RS Umum;Kelas B;9;2;3;3;2;3;3;2;1;0;0;15;0;2;0;9;0;0;1;5;10;13;83
129;PURWAKARTA;3214033;R3214033;RS Ibu dan Anak Asri;RSIA;Kelas C;5;2;1;2;3;1;1;1;0;0;0;0;0;20;20;1;1;2;1;1;2;7;71
130;PURWAKARTA;3214034;R3214034;RS Umum Rama Hadi;RS Umum;Kelas C;9;2;3;2;2;2;1;1;1;0;0;4;0;58;4;9;0;0;1;1;4;9;113
131;PURWAKARTA;3214035;R3214035;RS Umum Amira;RS Umum;Kelas C;0;0;0;0;0;0;0;0;0;0;0;0;0;0;0;0;0;0;0;0;0;0;0
132;PURWAKARTA;3214036;R3214036;RS Ibu dan Anak Dian;RSIA;Kelas C;3;0;0;1;0;0;0;0;0;0;0;0;0;0;0;2;0;0;0;0;0;0;6
133;PURWAKARTA;3214037;R3214037;RS Umum Holistic Purwakarta;RS Umum;Kelas D;5;1;1;1;1;1;0;1;0;0;0;0;0;0;0;3;0;0;0;0;0;0;14
134;PURWAKARTA;3214038;R3214038;RS Umum Bhakti Husada II Purwakarta;RS Umum;Kelas C;7;1;1;1;2;1;1;1;0;0;0;2;0;0;0;1;0;0;0;0;0;0;18
135;PURWAKARTA;3214040;R3214040;RS Umum Karina Medika;RS Umum;Kelas D;3;1;1;2;3;0;1;0;0;0;0;0;0;10;16;7;3;0;0;1;0;7;55
136;KARAWANG;3215012;R3215012;RS Umum Daerah Karawang;RS Umum;Kelas B;10;3;4;5;4;2;1;2;2;0;0;13;1;181;15;16;7;10;3;6;21;27;333
137;KARAWANG;3215023;R3215023;RS Umum Bayukarta;RS Umum;Kelas C;34;1;2;2;3;2;2;1;1;1;0;11;2;231;11;33;3;0;1;7;18;27;393
138;KARAWANG;3215045;R3215045;RS Umum Dewi Sri;RS Umum;Kelas C;20;5;6;5;4;3;2;2;2;1;0;15;2;198;13;44;3;2;1;15;11;18;372
139;KARAWANG;3215056;R3215056;RS Umum Karya Husada;RS Umum;Kelas C;6;0;0;0;0;0;0;0;0;0;0;0;0;134;19;21;1;1;1;2;3;14;202
140;KARAWANG;3215067;R3215067;RS Umum Proklamasi;RS Umum;Kelas C;8;2;2;2;2;3;1;2;1;0;0;7;0;74;23;20;2;0;1;0;3;11;164
141;KARAWANG;3215078;R3215078;RS Umum Islam Karawang;RS Umum;Kelas C;9;2;2;2;2;2;1;2;1;0;0;7;0;127;16;10;1;0;1;2;5;9;201
142;KARAWANG;3215089;R3215089;RS Umum Saraswati;RS Umum;Kelas C;7;1;2;2;2;1;1;2;1;1;0;5;0;54;6;2;1;5;0;1;8;10;112
143;KARAWANG;3215100;R3215100;RS Umum Delima Asih Sisma Medika;RS Umum;Kelas D;8;1;2;2;2;2;1;1;1;0;0;1;0;65;12;14;2;0;0;2;2;9;127
144;KARAWANG;3215112;R3215112;RS Ibu dan Anak Dr. Djoko Pramono;RSIA;Kelas C;8;0;1;2;2;0;1;2;0;0;0;0;0;10;29;8;1;0;0;2;1;1;68
145;KARAWANG;3215123;R3215123;RS Umum Citra Sari Husada;RS Umum;Kelas C;2;0;0;0;0;0;0;0;0;0;0;0;0;152;69;32;1;0;0;2;5;19;282
146;KARAWANG;3215134;R3215134;RS Umum Izza;RS Umum;Kelas C;6;0;0;0;0;0;0;0;1;0;0;0;0;89;12;13;1;0;4;0;5;18;149
147;KARAWANG;3215145;R3215145;RS Umum Mandaya;RS Umum;Kelas C;11;2;4;3;3;1;2;3;1;0;2;15;1;118;12;15;2;0;1;7;7;19;229
148;KARAWANG;3215156;R3215156;RS Umum Lira Medika;RS Umum;Kelas C;10;2;2;4;1;1;2;3;1;0;0;8;2;43;8;3;1;0;1;1;4;14;111
149;KARAWANG;3215158;R3215158;RS Umum Fikri Medika;RS Umum;Kelas C;4;3;2;2;2;2;1;1;1;0;0;4;0;34;100;17;2;0;1;3;1;15;195
150;KARAWANG;3215160;R3215160;RS Umum Puri Asih;RS Umum;Kelas C;11;2;2;2;2;3;1;2;1;0;0;4;0;91;10;2;2;3;2;1;2;7;150
151;KARAWANG;3215161;R3215161;RS Ibu dan Anak Mitra Family;RSIA;Kelas C;5;1;1;2;2;1;0;1;0;0;0;0;0;29;11;13;1;2;1;0;2;2;74
152;KARAWANG;3215162;R3215162;RS Umum Titian Bunda;RS Umum;Kelas C;4;0;0;0;0;0;0;0;0;0;0;0;0;35;16;11;1;0;0;2;5;8;82
153;KARAWANG;3215163;R3215163;RS Ibu dan Anak Sentul;RSIA;Kelas C;1;0;0;0;3;0;0;1;0;0;0;0;0;12;28;10;1;0;0;0;1;0;57
154;KARAWANG;3215164;R3215164;RS Umum Rosela;RS Umum;Kelas D;7;3;5;0;1;1;0;1;1;0;0;2;0;32;31;7;4;0;0;0;4;14;113
155;KARAWANG;3215165;R3215165;RS Umum Sentral Medika;RS Umum;Kelas D;4;1;1;1;1;1;1;1;1;0;0;0;0;21;12;5;1;0;1;0;1;7;60
156;KARAWANG;3215167;R3215167;RS Umum Amanda Mitra Keluarga;RS Umum;Kelas D;0;0;0;1;1;0;1;0;0;0;0;0;0;0;0;0;0;0;0;0;0;0;3
157;BEKASI;3216072;R3216072;RS Umum Bhakti Husada;RS Umum;Kelas C;4;1;2;3;3;3;1;1;0;0;0;9;2;0;0;0;0;0;0;0;3;1;33
158;BEKASI;3216104;R3216104;RS Umum Karya Medika;RS Umum;Kelas C;16;7;4;4;3;3;3;5;2;1;1;29;1;113;9;11;0;0;0;2;0;4;218
159;BEKASI;3216126;R3216126;RS Umum Annisa;RS Umum;Kelas C;24;3;3;6;4;4;2;3;1;1;1;22;2;176;26;4;4;0;1;6;5;18;316
160;BEKASI;3216152;R3216152;RS Umum Siloam;RS Umum;Kelas B;14;0;2;1;2;2;1;1;0;0;0;1;0;0;0;0;0;0;0;0;0;0;24
161;BEKASI;3216163;R3216163;RS Umum Sentra Medika;RS Umum;Kelas B;0;0;2;2;2;2;2;3;0;0;0;0;0;0;0;0;0;0;0;0;0;0;13
162;KOTA BEKASI;3216174;R3216174;RS Umum Rawa Lumbu;RS Umum;Kelas C;9;3;3;2;2;2;1;0;0;0;1;12;0;0;0;0;0;0;0;0;2;5;42
163;BEKASI;3216185;R3216185;RS Umum Hosana Medica;RS Umum;Kelas C;2;0;0;0;0;0;0;0;0;0;0;0;0;0;0;0;0;0;0;0;0;0;2
164;KOTA BEKASI;3216218;R3216218;RS Umum Ananda;RS Umum;Kelas B;13;3;5;6;5;5;2;2;0;0;2;13;0;0;0;0;0;0;0;0;6;0;62
165;BEKASI;3216252;R3216252;RS Umum Daerah Kab.Bekasi;RS Umum;Kelas B;17;3;3;4;5;3;3;2;5;1;0;14;2;71;19;20;7;0;0;3;6;14;202
166;KOTA BEKASI;3216285;R3216285;RS Umum St Elisabeth;RS Umum;Kelas C;15;2;3;2;3;2;2;3;1;0;1;16;1;86;10;19;11;0;1;4;3;18;203
167;BEKASI;3216318;R3216318;RS Umum Hermina Grand Wisata;RS Umum;Kelas B;0;0;7;21;33;10;1;0;0;0;0;0;0;0;0;0;0;0;0;0;0;0;72
168;KOTA BEKASI;3216329;R3216329;RS Umum Permata Cibubur;RS Umum;Kelas C;17;3;10;15;14;2;2;3;0;0;4;20;3;0;0;0;0;0;0;0;5;0;98
169;BEKASI;3216340;R3216340;RS Umum Medirossa Cikarang;RS Umum;Kelas C;13;6;3;3;3;2;2;2;2;2;1;19;4;108;35;6;0;0;0;0;4;2;217
170;BEKASI;3216351;R3216351;RS Umum Kartika Husada;RS Umum;Kelas C;7;3;3;4;3;3;1;2;0;0;0;6;0;25;15;2;0;0;0;0;3;5;82
171;KOTA BEKASI;3216362;R3216362;RS Umum Karya Medika II;RS Umum;Kelas C;22;11;3;4;3;2;2;2;2;0;1;24;1;40;0;0;0;0;0;0;3;0;120
172;BEKASI;3216374;R3216374;RS Umum Multazam Medika;RS Umum;Kelas C;6;6;2;3;4;1;0;3;0;0;0;2;0;0;0;3;0;0;0;0;3;3;36
173;BEKASI;3216385;R3216385;RS Umum Harapan Keluarga Jababeka;RS Umum;Kelas C;14;9;3;4;3;1;3;4;0;0;1;7;0;0;0;23;0;0;0;0;0;0;72
174;BEKASI;3216386;R3216386;RS Umum Amanda;RS Umum;Kelas C;16;5;4;4;3;2;2;5;1;0;2;7;0;0;0;9;0;0;0;0;0;0;60
175;BEKASI;3216387;R3216387;RS Umum Dokter Adam Talib;RS Umum;Kelas C;8;3;2;3;3;1;2;7;0;1;0;17;1;42;13;7;1;1;0;4;0;8;124
176;BEKASI;3216388;R3216388;RS Umum Cibitung Medika;RS Umum;Kelas C;11;2;5;3;2;2;2;2;1;0;1;11;0;63;12;8;1;1;0;2;2;13;144
177;KOTA BEKASI;3216389;R3216389;RS Umum Hermina Galaxy;RS Umum;Kelas C;13;6;4;9;22;2;1;5;1;0;1;5;0;0;0;6;0;0;0;0;0;0;75
178;BEKASI;3216393;R3216393;RS Umum Mitra Keluarga Cikarang;RS Umum;Kelas B;12;2;3;3;3;1;3;2;1;1;2;15;1;129;11;19;5;0;1;5;5;16;240
179;KOTA BEKASI;3216396;R3216396;RS Bersalin Taman Harapan Baru;RSIA;Kelas C;3;0;1;3;4;0;0;2;0;0;0;0;0;0;0;7;0;0;0;0;0;0;20
180;BEKASI;3216397;R3216397;RS Umum Asri Medika;RS Umum;Kelas C;5;2;1;4;2;1;1;3;0;0;0;1;0;0;0;6;0;0;0;0;0;0;26
181;BEKASI;3216399;R3216399;RS Ibu dan Anak Mitra Medika;RS Umum;Kelas C;5;2;1;1;1;1;1;1;0;0;0;0;0;0;0;2;0;0;0;0;0;0;15
182;BEKASI;3216400;R3216400;RS Umum Kasih Insani Setu;RS Umum;Kelas C;5;4;2;3;2;3;1;1;0;0;1;1;0;0;0;3;0;0;0;0;0;0;26
183;BEKASI;3216401S;R3216401S;RS Umum Jatimulya;RS Umum;;0;0;0;0;0;0;0;0;0;0;0;0;0;0;0;0;0;0;0;0;0;0;0
184;KOTA BEKASI;3216402;R3216402;RS Umum Anna Medika;RS Umum;Kelas C;5;7;2;3;5;3;2;3;1;0;2;8;1;0;0;14;0;0;0;0;0;0;56
185;BEKASI;3216406;R3216406;RS Umum Metro Hospitals;RS Umum;Kelas D;5;4;3;1;2;0;0;0;0;0;0;0;0;0;0;12;0;0;0;0;0;0;27
186;BEKASI;3216407;R3216407;RS Ibu dan Anak Cahaya Medika;RSIA;Kelas C;4;1;1;1;1;1;0;0;0;0;0;0;1;6;16;3;0;0;0;0;2;2;39
187;BEKASI;3216408;R3216408;RS Umum Harapan Mulia;RS Umum;Kelas C;0;0;0;0;0;0;0;0;0;0;0;0;0;0;0;0;0;0;0;0;0;0;0
188;BEKASI;3216408S;R3216408S;RS Umum Harapan Mulia;RS Umum;Kelas C;6;2;3;2;2;1;1;1;0;0;0;0;0;24;8;4;0;0;1;1;2;8;66
189;BEKASI;3216409;R3216409;RS Umum Cikarang Medika;RS Umum;Kelas C;4;1;1;2;1;1;0;0;0;0;0;0;0;11;10;4;0;0;0;0;1;3;39
190;BEKASI;3216413;R3216413;RS Umum Kartika Husada Setu;RS Umum;Kelas C;4;2;1;3;1;1;0;1;0;0;0;0;0;0;0;5;0;0;0;0;0;0;18
191;BEKASI;3216414;R3216414;RS Umum Amanda;RS Umum;Kelas C;9;3;1;2;2;1;1;2;0;0;0;0;0;29;14;7;1;0;0;0;1;7;80
192;BEKASI;3216415;R3216415;RS Umum Ridhoka Salma;RS Umum;Kelas C;5;4;2;2;3;2;2;3;1;0;1;11;1;47;8;1;0;0;0;1;2;3;99
193;BEKASI;3216416;R3216416;RS Umum Permata Keluarga Lippo Cikarang;RS Umum;Kelas C;13;6;2;3;3;1;2;3;1;0;0;8;0;0;0;13;0;0;0;4;0;0;59
194;BEKASI;3216417;R3216417;RS Umum Tiara;RS Umum;Kelas C;6;1;1;1;3;1;1;1;0;0;1;3;0;0;0;5;0;0;0;0;0;0;24
195;BEKASI;3216418S;R3216418S;RS Umum Setia;RS Umum;;6;2;1;2;2;1;1;1;1;0;0;2;0;7;4;1;0;0;0;0;0;0;31
196;BEKASI;3216420;R3216420;RS Umum Medirossa 2;RS Umum;Kelas C;6;3;1;2;2;1;1;0;0;0;0;2;0;0;0;0;0;0;0;0;1;1;20
197;BEKASI;3216421;R3216421;RS Umum Puspa Husada;RS Umum;Kelas D;6;2;1;1;2;1;1;1;0;0;0;1;0;0;0;0;0;0;0;0;0;0;16
198;KOTA BEKASI;3216423;R3216423;RS Umum Kartika Husada;RS Umum;Kelas C;11;1;2;7;2;1;0;1;0;0;0;2;0;30;19;9;0;1;1;3;3;4;97
199;BEKASI;3216424;R3216424;RS Ibu dan Anak Gizar;RSIA;Kelas C;3;3;1;2;3;2;0;1;0;0;0;0;0;4;0;3;0;0;0;0;0;2;24
200;BEKASI;3216425;R3216425;RS Umum Bunda Mulia;RS Umum;Kelas D;2;3;1;3;2;1;1;1;0;0;1;3;1;0;0;1;0;0;0;0;0;0;20
201;BEKASI;3216426;R3216426;RS Umum Kasih Insani Sukatani;RS Umum;Kelas D;12;5;2;3;3;2;1;1;0;0;1;0;0;32;20;8;2;2;6;4;11;10;125
202;KOTA BEKASI;3216427;R3216427;RS Umum Cikunir;RS Umum;Kelas D;8;2;1;1;1;1;0;1;1;0;0;0;0;3;0;4;0;0;0;0;0;5;28
203;KOTA BEKASI;3216429;R3216429;RS Rehabilitasi Medik Zainuttaqwa;RS Umum;Kelas C;5;0;1;0;0;0;0;0;0;0;1;0;0;7;9;2;0;0;0;3;0;1;29
204;BEKASI;3216432;R3216432;RS Ibu dan Anak Sayang Bunda;RSIA;Kelas C;8;0;0;3;2;0;0;0;0;0;0;0;0;0;0;0;0;0;0;0;0;0;13
205;BEKASI;3216434;R3216434;RS Umum Budi Asih;RS Umum;Kelas D;0;0;0;0;0;0;0;0;0;0;0;0;0;0;0;0;0;0;0;0;0;0;0
206;BEKASI;3216435;R3216435;RS Umum Tarumajaya;RS Umum;Kelas D;0;0;0;0;0;0;0;0;0;0;0;0;0;0;0;0;0;0;0;0;0;0;0
207;BEKASI;3216436;R3216436;RS Umum Omni Cikarang;RS Umum;Kelas C;0;0;0;0;0;0;0;0;0;0;0;0;0;0;0;0;0;0;0;0;0;0;0
208;BEKASI;3216438;R3216438;RS Umum Pinna;RS Umum;Kelas D;0;0;1;1;1;1;0;0;1;0;0;0;0;0;0;0;0;0;0;0;0;0;5
209;BEKASI;3216439;R3216439;RS Umum Dr. Iqbali Taufan;RS Umum;Kelas D;0;0;1;2;1;1;0;1;0;0;0;0;0;0;0;0;0;0;0;0;0;0;6
210;BEKASI;3216440;R3216440;RS Umum Daerah Cabangbungin;RS Umum;Kelas D;0;0;0;0;0;0;0;0;0;0;0;0;0;0;0;0;0;0;0;0;0;0;0
211;BEKASI;3216441;R3216441;RS Umum Permata Keluarga Jababeka;RS Umum;Kelas C;0;0;2;3;1;2;1;1;1;0;0;0;0;0;0;0;0;0;0;0;0;0;11
212;BEKASI;3216443;R3216443;RS Grha MM2100;RS Umum;Kelas C;0;0;0;0;0;0;0;0;0;0;0;0;0;0;0;0;0;0;0;0;0;0;0
213;BEKASI;3216444;R3216444;RS Cenka;RS Umum;Kelas C;0;0;0;0;0;0;0;0;0;0;0;0;0;0;0;0;0;0;0;0;0;0;0
214;BEKASI;3216445;R3216445;RS OMNI Pekayon;RS Umum;Kelas C;0;0;0;0;0;0;0;0;0;0;0;0;0;0;0;0;0;0;0;0;0;0;0
215;BEKASI;3216446;R3216446;RSIA Aisyah Qurrataain;RSIA;Kelas C;0;0;0;0;0;0;0;0;0;0;0;0;0;0;0;0;0;0;0;0;0;0;0
216;BANDUNG BARAT;3217002;R3217002;RS Umum Daerah Cililin;RS Umum;Kelas D;16;2;1;3;2;1;1;1;1;0;0;4;0;79;47;10;3;7;1;3;7;14;203
217;BANDUNG BARAT;3217004;R3217004;RS Umum Daerah Lembang;RS Umum;Kelas D;10;3;1;2;1;0;1;1;1;0;0;2;1;53;23;11;1;2;1;1;8;17;140
218;BANDUNG BARAT;3217005;R3217005;RS Umum Karisma;RS Umum;Kelas D;10;3;3;1;2;2;1;1;1;0;0;11;1;76;13;26;1;0;1;2;6;11;172
219;BANDUNG BARAT;3217006;R3217006;RS Umum IMC;RS Umum;Kelas D;3;0;0;0;0;0;0;0;0;0;0;0;0;12;7;2;0;0;0;0;3;6;33
220;BANDUNG BARAT;3217007;R3217007;RS Umum Daerah Cikalong Wetan;RS Umum;Kelas D;0;0;0;0;0;0;0;0;0;0;0;0;0;0;0;0;0;0;0;0;0;0;0
221;BANDUNG BARAT;3217008;R3217008;RS Ibu dan Anak Kartini;RSIA;Kelas C;0;0;0;0;0;0;0;0;0;0;0;0;0;0;0;0;0;0;0;0;0;0;0
222;BANDUNG BARAT;3217042;R3217042;RS Jiwa Provinsi Jawa Barat;RS Jiwa;Kelas A;10;3;1;0;1;0;1;1;1;0;1;15;1;209;0;17;7;2;6;5;14;17;312
223;BANDUNG BARAT;3217121;R3217121;RS Umum Cahya Kawaluyan;RS Umum;Kelas C;16;5;4;3;4;2;2;4;1;1;0;20;4;0;0;12;0;0;0;0;13;15;106
224;KOTA BOGOR;3271013;R3271013;RS Umum PMI Bogor;RS Umum;Kelas B;16;4;4;4;4;3;2;3;1;1;1;24;2;0;24;32;0;0;2;2;9;10;148
225;KOTA BOGOR;3271024;R3271024;RS Umum Salak;RS Umum;Kelas C;12;5;0;1;0;1;0;0;0;0;0;1;2;133;27;1;2;3;1;3;3;9;204
226;BOGOR;3271035;R3271035;RS Umum Dr Muhamad Hassan Toto;RS Umum;Kelas C;8;3;3;3;2;3;1;2;0;0;0;12;0;0;0;8;1;1;1;5;5;10;68
227;KOTA BOGOR;3271046;R3271046;RS Jiwa dr. H. Marzoeki Mahdi;RS Jiwa;Kelas A;15;1;7;2;3;1;2;1;1;0;1;26;5;424;19;34;10;36;3;5;19;26;641
228;KOTA BOGOR;3271072;R3271072;RS Umum Azra;RS Umum;Kelas C;22;42;1;0;1;3;0;1;0;0;0;5;4;181;14;7;9;0;1;14;10;21;336
229;KOTA BOGOR;3271104;R3271104;RS Umum Daerah Kota Bogor;RS Umum;Kelas B;26;5;8;7;5;6;2;3;2;3;0;26;1;254;43;38;2;2;0;6;17;32;488
230;KOTA BOGOR;3271115;R3271115;RS Umum Hermina Bogor;RS Umum;Kelas B;18;4;12;16;17;3;3;4;2;1;3;28;13;155;46;39;2;0;1;19;5;28;419
231;KOTA BOGOR;3271126;R3271126;RS Umum Bogor Medical Centre;RS Umum;Kelas C;15;5;4;4;4;4;1;6;1;0;0;21;6;172;20;24;1;1;1;9;13;16;328
232;BOGOR;3271139;R3271139;RS Umum Trimitra;RS Umum;Kelas C;9;6;3;1;2;1;1;2;1;0;1;11;1;7;24;11;1;0;0;3;11;15;111
233;KOTA BOGOR;3271161;R3271161;RS Umum Melania;RS Umum;Kelas C;0;0;0;0;0;0;0;0;0;0;0;0;0;92;16;25;3;0;0;6;11;18;171
234;KOTA BOGOR;3271162;R3271162;RS Bersalin Pasutri;RSIA;Kelas C;5;1;1;2;2;1;0;1;0;0;0;0;0;21;34;7;5;5;0;0;8;1;94
235;KOTA BOGOR;3271163;R3271163;RS Umum Vania;RS Umum;Kelas C;15;3;3;2;2;1;1;1;1;0;0;10;2;47;13;14;1;0;0;5;4;7;132
236;KOTA BOGOR;3271164;R3271164;RS Umum Mulia Pajajaran;RS Umum;Kelas C;13;4;7;3;3;2;1;2;1;0;0;20;3;72;8;24;1;1;0;0;0;16;181
237;KOTA BOGOR;3271166;R3271166;RS Umum Bhayangkara Tk IV Bogor;RS Umum;Kelas D;0;0;1;1;0;1;0;1;0;0;0;0;0;0;0;0;0;0;0;0;0;0;4
238;KOTA SUKABUMI;3272014;R3272014;RS Umum Daerah R Syamsudin SH;RS Umum;Kelas B;39;3;5;4;3;3;2;4;2;1;1;18;2;640;128;57;16;5;5;8;28;48;1022
239;KOTA SUKABUMI;3272025;R3272025;RS Umum Bhayangkara Setukpa Lemdikpol;RS Umum;Kelas C;11;2;4;3;1;2;1;2;1;0;0;9;0;93;29;10;3;0;0;0;0;11;182
240;KOTA SUKABUMI;3272036;R3272036;RS Umum Ridogalih;RS Umum;Kelas D;13;1;1;2;2;1;0;1;0;0;0;2;0;26;9;6;1;0;1;0;0;2;68
241;KOTA SUKABUMI;3272051;R3272051;RS Umum Assyifa Sukabumi;RS Umum;Kelas C;12;3;3;3;5;3;2;3;1;1;0;14;1;173;18;20;3;1;0;3;5;12;286
242;KOTA SUKABUMI;3272062;R3272062;RS Umum Kartika Kasih;RS Umum;Kelas D;0;0;0;0;0;0;0;0;0;0;0;0;0;0;7;34;2;0;1;3;4;13;64
243;KOTA SUKABUMI;3272075;R3272075;RS Umum Daerah Al-Mulk;RS Umum;Kelas D;2;1;2;1;1;0;1;0;0;0;0;0;0;21;16;4;1;0;0;0;1;2;53
244;KOTA BANDUNG;3273015;R3273015;RS Umum Pusat Dr. Hasan Sadikin;RS Umum;Kelas A;28;2;9;39;50;0;15;21;14;10;11;235;9;1147;79;177;34;3;20;19;93;171;2186
245;KOTA BANDUNG;3273026;R3273026;RS Umum Sartika Asih;RS Umum;Kelas C;12;4;4;1;4;1;3;1;1;0;2;14;1;115;0;8;0;0;0;3;17;14;205
246;KOTA BANDUNG;3273030;R3273030;RS Umum Lanud dr. M. Salamun;RS Umum;Kelas B;22;8;2;4;3;4;4;3;3;1;2;47;7;201;18;28;4;10;4;10;25;29;439
247;KOTA BANDUNG;3273052;R3273052;RS Umum Immanuel Bandung;RS Umum;Kelas B;45;4;14;11;8;8;2;6;3;3;1;48;7;453;42;11;7;1;1;12;45;32;764
248;KOTA BANDUNG;3273063;R3273063;RS Umum Santo Yusup;RS Umum;Kelas C;36;5;7;6;6;6;4;6;2;1;2;17;0;256;21;2;4;0;1;10;15;23;430
249;KOTA BANDUNG;3273074;R3273074;RS Umum Santo Borromeus;RS Umum;Kelas B;19;2;5;2;2;3;3;1;1;1;1;11;0;0;0;68;0;0;0;0;0;0;119
250;KOTA BANDUNG;3273085;R3273085;RS Umum Advent Bandung;RS Umum;Kelas B;19;2;13;7;11;3;2;4;2;2;3;79;6;335;13;9;18;0;1;14;14;34;591
251;KOTA BANDUNG;3273096;R3273096;RS Umum Pindad;RS Umum;Kelas C;21;4;5;3;4;3;2;3;1;0;2;10;3;98;20;3;0;0;1;0;22;21;226
252;KOTA BANDUNG;3273106;R3273106;RS Umum Muhammadiyah;RS Umum;Kelas C;4;1;0;2;0;0;0;0;0;0;1;1;0;228;14;9;5;0;1;3;2;2;273
253;KOTA BANDUNG;3273110;R3273110;RS Umum Bungsu;RS Umum;Kelas D;5;2;2;2;2;2;1;2;1;0;0;1;1;8;9;1;0;4;1;2;2;1;49
254;KOTA BANDUNG;3273121;R3273121;RS Umum Rajawali;RS Umum;Kelas C;23;5;2;4;3;2;0;2;0;0;0;8;0;36;0;2;1;0;1;4;6;0;99
255;KOTA BANDUNG;3273145;R3273145;RS Umum Hermina Arcamanik;RS Umum;Kelas C;8;3;6;15;13;4;3;5;1;2;3;31;5;168;21;1;0;0;1;6;4;5;305
256;KOTA BANDUNG;3273165;R3273165;RS Ibu dan Anak Limijati;RSIA;Kelas B;24;0;0;0;4;0;0;0;1;0;0;0;0;25;25;0;0;2;0;4;8;7;100
257;KOTA BANDUNG;3273176;R3273176;RS Umum Tk IV 03.07.03Sariningsih;RS Umum;Kelas D;6;8;1;4;1;2;1;1;1;0;0;2;0;0;0;5;0;0;0;0;0;0;32
258;KOTA BANDUNG;3273191;R3273191;RS Khusus Mata Cicendo;RSK Mata;Kelas A;2;0;1;0;1;0;1;3;1;1;0;34;0;152;0;24;6;10;2;0;34;20;292
259;KOTA BANDUNG;3273201;R3273201;RS Paru Dr. H. A. Rotinsulu;RSTP;Kelas A;15;1;1;0;1;0;2;2;1;0;2;6;0;106;0;14;3;1;2;3;13;25;198
260;KOTA BANDUNG;3273260;R3273260;RS Ibu dan Anak Kota Bandung;RSIA;Kelas B;16;0;0;5;3;0;1;2;1;0;0;0;0;91;73;18;6;1;2;0;20;19;258
261;KOTA BANDUNG;3273405;R3273405;RS Umum Daerah Kota Bandung;RS Umum;Kelas B;14;4;3;2;3;1;2;2;2;0;0;9;2;73;23;17;5;2;2;1;18;21;206
262;KOTA BANDUNG;3273420;R3273420;RS Umum Al-Islam Bandung;RS Umum;Kelas B;26;9;8;12;15;2;5;7;3;3;3;28;0;0;0;6;0;0;1;3;7;0;138
263;KOTA BANDUNG;3273431;R3273431;RS Khusus Bedah Halmahera Siaga;RSK Bedah;Kelas C;6;1;3;0;1;2;3;5;1;0;1;28;1;48;0;6;1;0;1;6;4;4;122
264;BANDUNG;3273442;R3273442;RS Umum Bina Sehat;RS Umum;Kelas D;12;1;3;2;1;2;2;3;1;1;0;1;1;79;10;14;8;0;1;0;14;12;168
265;KOTA BANDUNG;3273453;R3273453;RS Khusus Ginjal NY R.A. Habibie;RSK Ginjal;Kelas C;9;1;4;0;0;1;1;1;1;0;1;2;0;39;0;6;0;0;0;0;0;5;71
266;KOTA BANDUNG;3273464;R3273464;RS Khusus Gigi dan Mulut UNPAD;RSK GM;Kelas A;0;33;1;0;1;0;0;1;0;0;0;0;56;4;0;4;1;0;2;1;15;1;120
267;KOTA BANDUNG;3273486;R3273486;RS Umum Santosa Hospital Bandung Central;RS Umum;Kelas A;25;2;9;13;7;5;7;23;3;3;3;152;9;413;40;117;13;0;3;11;52;38;948
268;BANDUNG;3273517;R3273517;RS Umum AMC;RS Umum;Kelas C;5;4;2;2;2;0;0;2;0;0;0;8;0;68;0;7;0;0;0;0;0;0;100
269;KOTA BANDUNG;3273528;R3273528;RS Ibu dan Anak Melinda;RSIA;Kelas C;1;0;1;5;6;2;1;2;1;0;0;0;0;46;26;15;2;0;0;0;6;6;120
270;KOTA BANDUNG;3273539;R3273539;RS Umum Hermina Pasteur;RS Umum;Kelas B;16;12;6;32;31;3;3;6;2;2;4;42;5;0;0;14;0;0;0;0;0;0;178
271;KOTA BANDUNG;3273540;R3273540;RS Khusus Gigi dan Mulut Kota Bandung;RSK GM;Kelas C;1;38;0;0;0;0;0;0;0;0;0;0;4;6;0;6;0;2;1;0;59;6;123
272;KOTA BANDUNG;3273541;R3273541;RS Ibu dan Anak Harapan Bunda Bandung;RSIA;Kelas C;5;1;1;4;3;1;1;2;1;0;0;0;0;0;0;6;0;0;0;0;0;0;25
273;KOTA BANDUNG;3273542;R3273542;RS Umum Santosa Hospital Bandung Kopo;RS Umum;Kelas B;15;3;4;6;5;5;6;2;1;1;2;29;5;109;16;13;5;0;5;4;13;12;261
274;KOTA BANDUNG;3273543;R3273543;RS Umum Melinda 2;RS Umum;Kelas C;10;10;8;15;13;3;3;5;1;0;0;38;3;0;0;0;0;0;0;0;11;0;120
275;KOTA BANDUNG;3273546;R3273546;RS Ibu dan Anak Al Islam;RSIA;Kelas C;0;0;0;0;0;0;0;0;0;0;0;0;0;0;0;0;0;0;0;0;0;0;0
276;KOTA CIREBON;3274016;R3274016;RS Umum Daerah Gunung Jati;RS Umum;Kelas B;35;3;7;4;4;4;4;5;2;2;1;32;5;463;87;83;9;3;9;10;39;50;861
277;KOTA CIREBON;3274020;R3274020;RS Umum Tk. III Ciremai;RS Umum;Kelas B;13;3;3;2;3;4;2;2;1;1;0;13;4;206;34;29;6;2;2;3;8;17;358
278;KOTA CIREBON;3274031;R3274031;RS Ibu dan Anak Panti Abdi Dharma;RSIA;Kelas C;2;0;0;1;2;0;0;0;0;0;0;0;0;5;6;3;0;0;0;0;1;0;20
279;KOTA CIREBON;3274053;R3274053;RS Umum Pelabuhan Cirebon;RS Umum;Kelas C;8;2;3;4;2;3;1;2;1;0;0;14;2;100;14;15;2;0;0;4;6;12;195
280;KOTA CIREBON;3274064;R3274064;RS Ibu dan Anak Putera Bahagia;RS Umum;Kelas C;16;4;3;5;3;1;1;2;1;0;0;11;2;140;12;33;19;8;1;0;5;18;285
281;KOTA CIREBON;3274075;R3274075;RS Umum Budi Luhur;RS Umum;;6;0;1;1;1;2;0;1;0;0;0;1;0;37;19;4;2;2;0;0;3;5;85
282;KOTA CIREBON;3274090;R3274090;RS Umum Sumber Kasih;RS Umum;Kelas C;12;1;3;4;6;1;2;2;1;0;0;8;2;110;27;34;7;0;1;0;5;14;240
283;KOTA CIREBON;3274100;R3274100;RS Umum Budi Asta;RS Umum;Kelas D;2;0;1;1;0;1;0;1;0;0;0;1;0;12;7;1;1;6;0;0;0;1;35
284;KOTA CIREBON;3274111;R3274111;RS Umum Muhammadiyah;RS Umum;Kelas D;5;0;0;4;3;0;0;1;0;0;0;0;0;13;10;6;2;0;0;0;0;0;44
285;KOTA CIREBON;3274134;R3274134;RS Umum Medimas;RS Umum;Kelas C;10;1;1;1;2;2;1;1;0;0;0;0;1;31;8;6;1;0;0;0;6;4;76
286;CIREBON;3274135;R3274135;RS Umum Sumber Hurip;RS Umum;Kelas D;9;1;1;1;1;2;0;0;0;0;0;4;0;29;5;2;1;0;0;0;4;7;67
287;CIREBON;3274136;R3274136;RS Jantung Hasna Medika;RS Jantung;Kelas B;9;1;1;0;0;0;1;1;1;0;1;6;0;47;1;14;3;5;1;0;1;7;100
288;KOTA CIREBON;3274137;R3274137;RS Ibu dan Anak Cahaya Bunda;RSIA;Kelas C;9;2;1;5;5;1;0;1;0;0;0;5;2;45;43;16;1;0;1;0;3;13;153
289;KOTA BEKASI;3275013;R3275013;RS Umum Daerah dr. Chasbullah Abdulmadjid;RS Umum;Kelas B;31;6;6;4;6;3;3;4;2;2;2;32;5;421;41;50;17;3;7;15;32;43;735
290;KOTA BEKASI;3275017;R3275017;RS Ibu dan Anak Karunia Kasih;RSIA;Kelas C;0;0;3;4;4;1;0;4;0;0;0;0;0;0;0;0;1;0;0;0;0;0;17
291;KOTA BEKASI;3275024;R3275024;RS Umum Mekar Sari Bekasi;RS Umum;Kelas C;15;3;3;4;3;2;1;3;1;0;1;13;0;2;0;13;2;2;2;6;0;15;91
292;KOTA BEKASI;3275035;R3275035;RS Umum Sentosa;RS Umum;Kelas C;9;7;2;2;2;1;1;1;1;0;0;4;1;0;0;0;0;0;0;0;5;2;38
293;KOTA BEKASI;3275039;R3275039;RS Umum Masmitra;RS Umum;Kelas C;6;5;2;5;5;1;1;1;0;0;1;3;2;20;0;9;1;0;0;0;4;2;68
294;KOTA BEKASI;3275046;R3275046;RS Umum Mitra Keluarga Bekasi Timur;RS Umum;Kelas B;21;3;0;6;5;4;5;4;1;3;0;35;5;323;20;46;11;0;1;10;15;41;559
295;KOTA BEKASI;3275050;R3275050;RS Umum Budi Lestari;RS Umum;Kelas C;12;4;3;4;2;2;2;2;0;1;1;10;0;109;14;2;0;0;1;2;4;10;185
296;KOTA BEKASI;3275052;R3275052;RS Umum Juwita;RS Umum;Kelas C;10;2;1;2;3;2;1;1;0;0;0;0;1;29;17;14;2;1;1;2;2;6;97
297;KOTA BEKASI;3275053;R3275053;RS Umum Taman Harapan Baru;RS Umum;Kelas C;5;6;3;2;4;0;2;1;0;0;0;9;0;0;0;0;0;0;0;0;0;0;32
298;BEKASI;3275054;R3275054;RS Umum As-Shofwan;RS Umum;Kelas D;6;1;2;1;1;0;1;1;0;0;0;0;0;10;5;1;0;0;0;2;0;0;31
299;KOTA BEKASI;3275057;R3275057;RS Umum Karya Medika Bantar Gebang;RS Umum;Kelas D;0;0;0;0;0;0;0;0;0;0;0;0;0;0;0;0;0;0;0;0;0;0;0
300;BEKASI;3275059;R3275059;RS Ibu danAnak Ratna Ervita Medika;RSIA;Kelas C;4;1;1;3;1;0;0;1;0;0;0;0;0;7;14;4;0;1;0;1;1;1;40
301;KOTA BEKASI;3275060;R3275060;RS Umum Satria Medika;RS Umum;Kelas C;0;0;1;1;2;1;0;0;1;0;0;0;0;0;0;0;0;0;0;0;0;0;6
302;KOTA BEKASI;3275061;R3275061;RS Persada Medika;RS Umum;Kelas C;14;4;3;4;4;1;1;3;1;0;0;8;0;42;0;8;1;3;0;0;1;9;107
303;KOTA BEKASI;3275062;R3275062;RS Siloam Bekasi Timur;RS Umum;Kelas C;0;0;2;3;3;3;1;3;1;0;0;0;0;0;0;0;0;0;0;0;0;0;16
304;KOTA BEKASI;3275063;R3275063;RS Awal Bros Bekasi Timur;RS Umum;Kelas B;0;0;0;0;0;0;0;0;0;0;0;0;0;0;0;0;0;0;0;0;0;0;0
305;KOTA BEKASI;3275064;R3275064;RS Mustika Medika Bekasi;RS Umum;Kelas D;0;0;0;0;0;0;0;0;0;0;0;0;0;0;0;0;0;0;0;0;0;0;0
306;KOTA BEKASI;3275083;R3275083;RS Seto Hasbadi;RS Umum;Kelas D;7;2;1;1;1;1;0;0;0;0;0;3;0;46;11;6;1;0;0;1;1;8;90
307;KOTA BEKASI;3275094;R3275094;RS Umum Mitra Keluarga Bekasi Barat;RS Umum;Kelas B;13;0;0;0;0;0;0;0;0;0;0;0;0;407;25;54;9;1;0;7;7;29;552
308;KOTA BEKASI;3275115;R3275115;RS Umum Hermina Bekasi;RS Umum;Kelas B;6;13;6;31;42;3;3;6;2;1;3;71;12;317;5;58;3;0;4;31;15;33;665
309;KOTA BEKASI;3275130;R3275130;RS Umum Bhakti Kartini;RS Umum;Kelas C;16;6;4;2;3;3;1;2;1;0;1;19;0;14;0;15;2;0;0;0;2;2;93
310;KOTA BEKASI;3275141;R3275141;RS Umum Permata Bekasi;RS Umum;Kelas C;12;0;2;2;1;0;0;1;1;0;0;6;0;46;29;11;6;2;1;1;2;10;133
311;KOTA BEKASI;3275196;R3275196;RS Umum Bella;RS Umum;Kelas C;12;4;3;5;5;3;2;2;3;1;2;22;2;1;0;50;1;1;0;0;2;4;125
312;KOTA BEKASI;3275207;R3275207;RS Umum Graha Juanda;RS Umum;Kelas C;9;3;2;2;2;2;1;2;1;0;0;4;0;43;16;11;1;3;1;2;1;9;115
313;KOTA BEKASI;3275229;R3275229;RS Umum Anna;RS Umum;Kelas C;15;7;3;4;7;1;1;3;1;0;0;5;3;108;23;12;1;11;1;4;1;12;223
314;KOTA BEKASI;3275263;R3275263;RS Umum Citra Harapan;RS Umum;Kelas C;8;0;3;4;3;2;1;2;0;0;1;12;1;1;0;0;0;1;1;0;3;5;48
315;KOTA BEKASI;3275274;R3275274;RS Umum Jati Sampurna;RS Umum;Kelas D;8;6;2;5;5;1;1;3;0;0;1;2;1;58;13;11;2;0;1;1;3;16;140
316;KOTA BEKASI;3275296;R3275296;RS Umum Islam dr. Subki Abdulkadir;RS Umum;Kelas D;7;1;0;0;1;1;0;1;0;0;0;1;0;28;10;3;0;0;0;0;0;0;53
317;KOTA BEKASI;3275307;R3275307;RS Umum Hosana Medica Bekasi;RS Umum;Kelas C;0;4;2;3;3;2;2;2;0;0;1;9;0;0;0;1;1;0;0;0;3;4;37
318;KOTA BEKASI;3275373;R3275373;RS Umum Mitra Keluarga Cibubur;RS Umum;Kelas C;9;3;4;5;4;3;2;2;1;0;3;20;4;192;22;36;6;0;1;8;8;30;363
319;KOTA BEKASI;3275390;R3275390;RS Ibu dan Anak Selasih Medika;RSIA;Kelas C;5;4;2;4;3;0;0;1;0;0;0;5;0;0;0;3;0;0;1;3;5;2;38
320;KOTA BEKASI;3275392;R3275392;RS Umum Awal Bros;RS Umum;Kelas B;19;4;8;9;6;3;2;5;0;0;3;68;10;39;30;39;0;0;0;0;8;28;281
321;KOTA BEKASI;3275403;R3275403;RS Ibu dan Anak Rinova Intan;RSIA;Kelas C;6;1;1;1;2;1;1;1;1;0;0;0;0;22;0;7;1;2;0;0;0;6;53
322;KOTA DEPOK;3276017;R3276017;RS Umum Sentra Medika;RS Umum;Kelas B;0;0;0;0;0;0;0;0;0;0;0;0;0;0;0;0;0;0;0;0;0;0;0
323;KOTA DEPOK;3276028;R3276028;RS Umum Mitra Keluarga Depok;RS Umum;Kelas B;0;0;0;0;0;0;0;0;0;0;0;0;0;0;0;0;0;0;0;0;0;0;0
324;KOTA DEPOK;3276039;R3276039;RS Umum Bhayangkara Brimob;RS Umum;Kelas C;5;3;2;3;2;1;1;1;0;0;0;7;2;53;28;9;3;0;0;2;4;9;135
325;KOTA DEPOK;3276041;R3276041;RS Umum Grha Permata Ibu;RS Umum;Kelas C;0;0;0;0;0;0;0;0;0;0;0;0;0;1;0;1;0;0;0;0;1;1;4
326;KOTA DEPOK;3276124;R3276124;RS Umum Daerah Kota Depok;RS Umum;Kelas C;15;1;2;2;4;2;1;2;0;0;0;6;2;105;30;31;16;1;6;1;11;25;263
327;KOTA DEPOK;3276135;R3276135;RS Umum Simpangan Depok;RS Umum;Kelas D;7;4;3;3;2;1;2;2;0;0;1;6;0;83;13;11;2;0;1;0;5;4;150
328;KOTA DEPOK;3276146;R3276146;RS Umum Hasanah Graha Afiah;RS Umum;Kelas C;19;7;3;11;9;3;1;3;1;1;1;17;0;142;39;22;4;0;4;13;3;27;330
329;KOTA DEPOK;3276147;R3276147;RS Ibu dan Anak Asyifa;RSIA;Kelas C;4;2;1;3;3;1;1;1;0;0;0;1;0;21;9;10;1;0;6;0;2;11;77
330;KOTA DEPOK;3276149;R3276149;RS Ibu dan Anak Setya Bhakti;RSIA;Kelas C;8;1;1;3;2;1;0;1;1;0;0;0;0;20;17;9;1;0;1;0;0;6;72
331;KOTA DEPOK;3276150;R3276150;RS Jantung Diagram;RS Jantung;Kelas C;9;0;0;0;0;1;1;2;1;0;0;13;0;82;0;12;2;0;1;0;0;22;146
332;KOTA DEPOK;3276151;R3276151;RS Umum Permata Depok;RS Umum;Kelas C;10;4;5;8;8;3;1;6;1;0;1;14;2;73;22;6;2;4;1;6;7;15;199
333;KOTA DEPOK;3276152;R3276152;RS Umum Citra Medika Depok;RS Umum;Kelas C;6;6;3;1;0;1;0;1;1;0;0;6;2;22;20;12;1;0;1;2;7;9;101
334;KOTA DEPOK;3276153;R3276153;RS Ibu dan Anak Citra Arafiq;RSIA;Kelas C;30;0;0;3;2;0;1;2;0;0;0;0;0;5;3;0;2;0;1;0;0;4;53
335;KOTA DEPOK;3276154;R3276154;RS Ibu dan Anak Bunda Aliyah;RSIA;Kelas C;0;0;0;0;0;0;0;0;0;0;0;0;0;0;0;0;0;0;0;0;0;0;0
336;KOTA DEPOK;3276155;R3276155;RS Ibu dan Anak Brawijaya Bojongsari;RSIA;Kelas C;0;0;0;0;0;0;0;0;0;0;0;0;0;0;0;0;0;0;0;0;0;0;0
337;KOTA CIMAHI;3277018;R3277018;RS Umum Mitra Anugrah Lestari;RS Umum;Kelas C;13;4;2;3;2;1;1;1;0;1;1;3;0;74;18;10;16;0;0;0;8;10;168
338;KOTA CIMAHI;3277019;R3277019;RS Umum Avisena;RS Umum;Kelas D;0;0;0;0;0;0;0;0;0;0;0;0;0;77;28;16;1;0;0;4;0;11;137
339;KOTA CIMAHI;3277020;R3277020;RS Umum Daerah Cibabat;RS Umum;Kelas B;24;2;7;5;3;3;2;3;4;2;1;21;2;301;47;36;11;0;5;8;35;39;561
340;KOTA CIMAHI;3277021;R3277021;RS Umum Kasih Bunda;RS Umum;Kelas C;0;0;0;0;0;0;0;0;0;0;0;0;0;86;13;19;1;0;1;4;18;14;156
341;KOTA CIMAHI;3277022;R3277022;RS Gigi dan Mulut Pendidikan Unjani;RSK GM;Kelas B;0;1;0;0;0;0;0;0;0;0;0;0;1;8;0;4;0;0;0;0;3;3;20
342;KOTA CIMAHI;3277031;R3277031;RS Umum Tk II Dustira;RS Umum;Kelas B;67;7;5;3;1;1;3;2;1;0;2;21;4;640;61;23;12;77;1;16;30;20;997
343;KOTA TASIKMALAYA;3278014;R3278014;RS Umum Tasik Medika Citratama (TMC);RS Umum;Kelas C;0;0;0;0;0;0;0;0;0;0;0;0;0;167;16;37;17;4;2;2;10;20;275
344;KOTA TASIKMALAYA;3278015;R3278015;RS Bersalin Ummi;RSIA;Kelas C;0;0;0;1;0;0;0;0;0;0;0;0;0;0;0;0;0;0;0;0;0;0;1
345;KOTA TASIKMALAYA;3278016;R3278016;RS Ibu dan Anak Sayang Bunda;RSIA;Kelas C;1;0;1;2;1;1;1;1;0;0;0;0;0;4;7;2;0;1;0;0;0;0;22
346;KOTA TASIKMALAYA;3278017;R3278017;RS Ibu dan Anak Widaningsih;RSIA;Kelas C;2;0;1;1;1;1;0;1;0;0;0;1;0;8;18;4;0;0;0;0;0;0;38
347;KOTA TASIKMALAYA;3278018;R3278018;RS Umum Syifa Medina;RS Umum;Kelas D;0;0;0;0;0;0;0;0;0;0;0;0;0;0;0;0;0;0;0;0;0;0;0
348;KOTA TASIKMALAYA;3278021;R3278021;RS Ibu dan Anak Bunda Aisyah;RSIA;Kelas C;3;0;0;2;1;1;0;1;0;0;0;0;0;6;30;6;1;1;1;0;2;2;57
349;KOTA TASIKMALAYA;3278081;R3278081;RS Umum Prasetya Bunda;RS Umum;Kelas D;9;1;1;1;2;1;1;2;0;0;0;4;0;0;0;7;0;0;0;0;0;0;29
350;KOTA TASIKMALAYA;3278082;R3278082;RS Umum Permata Bunda;RS Umum;Kelas D;8;2;1;1;2;1;1;2;1;0;0;6;0;35;18;3;2;1;0;0;1;12;97
351;KOTA BANJAR;3279002;R3279002;RS Umum Mitra Idaman;RS Umum;Kelas D;5;0;2;3;2;2;1;1;0;0;0;0;0;70;9;13;3;1;0;0;4;7;123
352;KOTA BANJAR;3279003;R3279003;RS Umum Banjar Patroman;RS Umum;Kelas D;7;2;3;0;2;2;0;1;0;0;0;1;0;48;12;16;7;0;0;0;0;7;108
